[
  {
    "name": "Minerva McGonagall",
    "species": "human",
    "gender": "female",
    "house": "Gryffindor",
    "dateOfBirth": "04-10-1925",
    "yearOfBirth": 1925,
    "ancestry": "",
    "eyeColour": "",
    "hairColour": "black",
    "wand": {
      "wood": "",
      "core": "",
      "length": ""
    },
    "patronus": "tabby cat",
    "hogwartsStudent": false,
    "hogwartsStaff": true,
    "actor": "Dame Maggie Smith",
    "alive": true,
    "image": "http://hp-api.herokuapp.com/images/mcgonagall.jpg"
  },
  {
    "name": "Severus Snape",
    "species": "human",
    "gender": "male",
    "house": "Slytherin",
    "dateOfBirth": "09-01-1960",
    "yearOfBirth": 1960,
    "ancestry": "half-blood",
    "eyeColour": "black",
    "hairColour": "black",
    "wand": {
      "wood": "",
      "core": "",
      "length": ""
    },
    "patronus": "doe",
    "hogwartsStudent": false,
    "hogwartsStaff": true,
    "actor": "Alan Rickman",
    "alive": false,
    "image": "http://hp-api.herokuapp.com/images/snape.jpg"
  },
  {
    "name": "Rubeus Hagrid",
    "species": "half-giant",
    "gender": "male",
    "house": "Gryffindor",
    "dateOfBirth": "06-12-1928",
    "yearOfBirth": 1928,
    "ancestry": "half-blood",
    "eyeColour": "black",
    "hairColour": "black",
    "wand": {
      "wood": "oak",
      "core": "",
      "length": 16
    },
    "patronus": "",
    "hogwartsStudent": false,
    "hogwartsStaff": true,
    "actor": "Robbie Coltrane",
    "alive": true,
    "image": "http://hp-api.herokuapp.com/images/hagrid.png"
  },
  {
    "name": "Remus Lupin",
    "species": "werewolf",
    "gender": "male",
    "house": "Gryffindor",
    "dateOfBirth": "10-03-1960",
    "yearOfBirth": 1960,
    "ancestry": "half-blood",
    "eyeColour": "green",
    "hairColour": "brown",
    "wand": {
      "wood": "cypress",
      "core": "unicorn tail-hair",
      "length": 10.25
    },
    "patronus": "wolf",
    "hogwartsStudent": false,
    "hogwartsStaff": true,
    "actor": "David Thewlis",
    "alive": false,
    "image": "http://hp-api.herokuapp.com/images/lupin.jpg"
  },
  {
    "name": "Horace Slughorn",
    "species": "human",
    "gender": "male",
    "house": "Slytherin",
    "dateOfBirth": "",
    "yearOfBirth": "",
    "ancestry": "pure-blood",
    "eyeColour": "green",
    "hairColour": "blonde",
    "wand": {
      "wood": "cedar",
      "core": "dragon heartstring",
      "length": 10.25
    },
    "patronus": "",
    "hogwartsStudent": false,
    "hogwartsStaff": true,
    "actor": "Jim Broadbent",
    "alive": true,
    "image": "http://hp-api.herokuapp.com/images/slughorn.JPG"
  },
  {
    "name": "Dolores Umbridge",
    "species": "human",
    "gender": "female",
    "house": "Slytherin",
    "dateOfBirth": "",
    "yearOfBirth": "",
    "ancestry": "half-blood",
    "eyeColour": "brown",
    "hairColour": "grey",
    "wand": {
      "wood": "birch",
      "core": "dragon heartstring",
      "length": 8
    },
    "patronus": "persian cat",
    "hogwartsStudent": false,
    "hogwartsStaff": true,
    "actor": "Imelda Staunton",
    "alive": true,
    "image": "http://hp-api.herokuapp.com/images/umbridge.jpg"
  },
  {
    "name": "Mrs Norris",
    "species": "cat",
    "gender": "female",
    "house": "",
    "dateOfBirth": "",
    "yearOfBirth": "",
    "ancestry": "",
    "eyeColour": "yellow",
    "hairColour": "brown",
    "wand": {
      "wood": "",
      "core": "",
      "length": ""
    },
    "patronus": "",
    "hogwartsStudent": false,
    "hogwartsStaff": true,
    "actor": "Maxime, Alanis and Tommy the cats",
    "alive": true,
    "image": "http://hp-api.herokuapp.com/images/norris.JPG"
  },
  {
    "name": "Argus Filch",
    "species": "human",
    "gender": "male",
    "house": "",
    "dateOfBirth": "",
    "yearOfBirth": "",
    "ancestry": "squib",
    "eyeColour": "",
    "hairColour": "grey",
    "wand": {
      "wood": "",
      "core": "",
      "length": ""
    },
    "patronus": "",
    "hogwartsStudent": false,
    "hogwartsStaff": true,
    "actor": "David Bradley",
    "alive": true,
    "image": "http://hp-api.herokuapp.com/images/filch.jpg"
  }
]