<?xml version="1.0" encoding="UTF-8" ?>
<hpstaffs>
    <staff>
        <name>Minerva McGonagall</name>
        <species>human</species>
        <gender>female</gender>
        <house>Gryffindor</house>
        <dateOfBirth>04-10-1925</dateOfBirth>
        <yearOfBirth>1925</yearOfBirth>
        <ancestry></ancestry>
        <eyeColour></eyeColour>
        <hairColour>black</hairColour>
        <wand>
            <wood></wood>
            <core></core>
            <length></length>
        </wand>
        <patronus>tabby cat</patronus>
        <hogwartsStudent>false</hogwartsStudent>
        <hogwartsStaff>true</hogwartsStaff>
        <actor>Dame Maggie Smith</actor>
        <alive>true</alive>
        <image>http://hp-api.herokuapp.com/images/mcgonagall.jpg</image>
    </staff>
    <staff>
        <name>Severus Snape</name>
        <species>human</species>
        <gender>male</gender>
        <house>Slytherin</house>
        <dateOfBirth>09-01-1960</dateOfBirth>
        <yearOfBirth>1960</yearOfBirth>
        <ancestry>half-blood</ancestry>
        <eyeColour>black</eyeColour>
        <hairColour>black</hairColour>
        <wand>
            <wood></wood>
            <core></core>
            <length></length>
        </wand>
        <patronus>doe</patronus>
        <hogwartsStudent>false</hogwartsStudent>
        <hogwartsStaff>true</hogwartsStaff>
        <actor>Alan Rickman</actor>
        <alive>false</alive>
        <image>http://hp-api.herokuapp.com/images/snape.jpg</image>
    </staff>
    <staff>
        <name>Rubeus Hagrid</name>
        <species>half-giant</species>
        <gender>male</gender>
        <house>Gryffindor</house>
        <dateOfBirth>06-12-1928</dateOfBirth>
        <yearOfBirth>1928</yearOfBirth>
        <ancestry>half-blood</ancestry>
        <eyeColour>black</eyeColour>
        <hairColour>black</hairColour>
        <wand>
            <wood>oak</wood>
            <core></core>
            <length>16</length>
        </wand>
        <patronus></patronus>
        <hogwartsStudent>false</hogwartsStudent>
        <hogwartsStaff>true</hogwartsStaff>
        <actor>Robbie Coltrane</actor>
        <alive>true</alive>
        <image>http://hp-api.herokuapp.com/images/hagrid.png</image>
    </staff>
    <staff>
        <name>Remus Lupin</name>
        <species>werewolf</species>
        <gender>male</gender>
        <house>Gryffindor</house>
        <dateOfBirth>10-03-1960</dateOfBirth>
        <yearOfBirth>1960</yearOfBirth>
        <ancestry>half-blood</ancestry>
        <eyeColour>green</eyeColour>
        <hairColour>bstaffn</hairColour>
        <wand>
            <wood>cypress</wood>
            <core>unicorn tail-hair</core>
            <length>10.25</length>
        </wand>
        <patronus>wolf</patronus>
        <hogwartsStudent>false</hogwartsStudent>
        <hogwartsStaff>true</hogwartsStaff>
        <actor>David Thewlis</actor>
        <alive>false</alive>
        <image>http://hp-api.herokuapp.com/images/lupin.jpg</image>
    </staff>
    <staff>
        <name>Horace Slughorn</name>
        <species>human</species>
        <gender>male</gender>
        <house>Slytherin</house>
        <dateOfBirth></dateOfBirth>
        <yearOfBirth></yearOfBirth>
        <ancestry>pure-blood</ancestry>
        <eyeColour>green</eyeColour>
        <hairColour>blonde</hairColour>
        <wand>
            <wood>cedar</wood>
            <core>dragon heartstring</core>
            <length>10.25</length>
        </wand>
        <patronus></patronus>
        <hogwartsStudent>false</hogwartsStudent>
        <hogwartsStaff>true</hogwartsStaff>
        <actor>Jim Broadbent</actor>
        <alive>true</alive>
        <image>http://hp-api.herokuapp.com/images/slughorn.JPG</image>
    </staff>
    <staff>
        <name>Dolores Umbridge</name>
        <species>human</species>
        <gender>female</gender>
        <house>Slytherin</house>
        <dateOfBirth></dateOfBirth>
        <yearOfBirth></yearOfBirth>
        <ancestry>half-blood</ancestry>
        <eyeColour>bstaffn</eyeColour>
        <hairColour>grey</hairColour>
        <wand>
            <wood>birch</wood>
            <core>dragon heartstring</core>
            <length>8</length>
        </wand>
        <patronus>persian cat</patronus>
        <hogwartsStudent>false</hogwartsStudent>
        <hogwartsStaff>true</hogwartsStaff>
        <actor>Imelda Staunton</actor>
        <alive>true</alive>
        <image>http://hp-api.herokuapp.com/images/umbridge.jpg</image>
    </staff>
    <staff>
        <name>Mrs Norris</name>
        <species>cat</species>
        <gender>female</gender>
        <house></house>
        <dateOfBirth></dateOfBirth>
        <yearOfBirth></yearOfBirth>
        <ancestry></ancestry>
        <eyeColour>yellow</eyeColour>
        <hairColour>bstaffn</hairColour>
        <wand>
            <wood></wood>
            <core></core>
            <length></length>
        </wand>
        <patronus></patronus>
        <hogwartsStudent>false</hogwartsStudent>
        <hogwartsStaff>true</hogwartsStaff>
        <actor>Maxime, Alanis and Tommy the cats</actor>
        <alive>true</alive>
        <image>http://hp-api.herokuapp.com/images/norris.JPG</image>
    </staff>
    <staff>
        <name>Argus Filch</name>
        <species>human</species>
        <gender>male</gender>
        <house></house>
        <dateOfBirth></dateOfBirth>
        <yearOfBirth></yearOfBirth>
        <ancestry>squib</ancestry>
        <eyeColour></eyeColour>
        <hairColour>grey</hairColour>
        <wand>
            <wood></wood>
            <core></core>
            <length></length>
        </wand>
        <patronus></patronus>
        <hogwartsStudent>false</hogwartsStudent>
        <hogwartsStaff>true</hogwartsStaff>
        <actor>David Bradley</actor>
        <alive>true</alive>
        <image>http://hp-api.herokuapp.com/images/filch.jpg</image>
    </staff>
</hpstaffs>